Date,Equal_Weighted_Value,Custom_Weighted_Value
2018-01-03,30215.40649966684,30141.638140497587
2018-01-04,30389.956037148564,30314.640509521894
2018-01-05,30765.20578031164,30680.358172835175
2018-01-08,30773.793715912256,30654.4455235002
2018-01-09,30752.56804925427,30638.61934866797
2018-01-10,30679.326175355796,30578.834791588404
2018-01-11,30785.281429248098,30703.357397431173
2018-01-12,31239.97473049217,31123.549858048355
2018-01-16,31042.24159570973,30914.483605240806
2018-01-17,31499.65785710783,31403.616608915134
2018-01-18,31475.524166133415,31396.201026547893
2018-01-19,31486.601654160302,31357.31102609794
2018-01-22,31778.117449847145,31510.635613628776
2018-01-23,31923.32094490053,31609.135372073546
2018-01-24,31700.4076228819,31322.903446240867
2018-01-25,31668.359392334296,31153.56107999357
2018-01-26,31939.22526283428,31393.65840131829
2018-01-29,31693.33248122791,31049.0311075867
2018-01-30,31417.212918378373,30792.811378595405
2018-01-31,31745.540395807857,31086.71643769459
2018-02-01,31678.488341298922,31042.274560596823
2018-02-02,30384.926923564493,29795.972869696092
2018-02-05,29200.631067337697,28753.123025497964
2018-02-06,30177.671697068366,29799.662876250644
2018-02-07,29503.69499663015,29152.84221112859
2018-02-08,28283.759126388897,28039.276548436086
2018-02-09,29111.399017568066,28739.012519211505
2018-02-12,29683.689606878896,29456.230548105785
2018-02-13,29856.579107058235,29670.82913968545
2018-02-14,30371.127998804503,30188.211612678126
2018-02-15,31093.415158504566,30984.57688658269
2018-02-16,31025.357833022186,30891.72491798652
2018-02-20,31147.876279889217,30957.921256086644
2018-02-21,31058.604851062653,30821.463717767
2018-02-22,31136.51755239738,30953.23333844995
2018-02-23,31750.746214451516,31559.719393643056
2018-02-26,32259.479360004996,32095.953399634887
2018-02-27,31840.90513359737,31773.84027166408
2018-02-28,31647.323190177398,31629.006713812792
2018-03-01,31048.37759008766,31072.6085559929
2018-03-02,31265.1956916236,31273.94746378163
2018-03-05,31469.44204884768,31448.836953861948
2018-03-06,31483.527090412066,31438.53143529748
2018-03-07,31581.628894695466,31427.950346947968
2018-03-08,31895.81919902456,31737.517029126248
2018-03-09,32612.216110240428,32399.72289969568
2018-03-12,32790.872881768395,32607.905109287996
2018-03-13,32175.12351337376,32066.793288954217
2018-03-14,32104.81348973794,31923.94004866751
2018-03-15,32171.05854104777,31985.95784067947
2018-03-16,32030.17871502396,31882.345672268555
2018-03-19,31350.763759155925,31272.80708512696
2018-03-20,31333.620860502164,31267.413647754438
2018-03-21,31006.94979186991,30837.49707343712
2018-03-22,30174.338621150022,30120.24317520809
2018-03-23,29395.016495408738,29356.6904922977
2018-03-26,30864.81252477006,30877.74767242357
2018-03-27,29667.980683149108,29779.918712418345
2018-03-28,29532.582594596734,29596.997216819203
2018-03-29,30129.489406420827,30087.504355366054
2018-04-02,29523.69707529193,29574.700953635187
2018-04-03,29815.75649022435,29881.023873701404
2018-04-04,30403.676388315973,30493.23320406772
2018-04-05,30508.277097465143,30621.26418883869
2018-04-06,29788.03138304559,29881.277409666724
2018-04-09,30045.623071634276,30143.104905061016
2018-04-10,30628.013760129772,30733.91397073036
2018-04-11,30355.483415484323,30492.97300850428
2018-04-12,30765.415000745972,30887.32255137246
2018-04-13,30733.00852195572,30882.69269580951
2018-04-16,31016.356035473033,31147.491303151102
2018-04-17,31695.972669262468,31748.44418440262
2018-04-18,31674.092879191106,31726.147917308892
2018-04-19,31476.788776635836,31326.97769618777
2018-04-20,30808.896539231984,30506.90706308113
2018-04-23,30783.529661427732,30476.570201060684
2018-04-24,29911.740985713906,29760.16908746413
2018-04-25,29871.872341502713,29749.386373729227
2018-04-26,30314.68345799489,30107.915073666776
2018-04-27,30250.137168083496,30014.775589931185
2018-04-30,30064.92017420296,29995.55583497859
2018-05-01,30674.51172226892,30617.03350798085
2018-05-02,30821.401931828044,31062.73070809913
2018-05-03,30904.05282873562,31148.203697307807
2018-05-04,31675.495796277242,32017.432307968567
2018-05-07,31954.490406630728,32291.794692062715
2018-05-08,31951.55705223172,32322.82299315072
2018-05-09,32457.60816623798,32736.37670229686
2018-05-10,32884.762845303296,33168.10702386245
2018-05-11,32798.83561821254,33071.14734239593
2018-05-14,32842.165140683814,33085.38361357366
2018-05-15,32448.411048844864,32733.213098214947
2018-05-16,32569.48303193424,32906.58377859319
2018-05-17,32364.091946691547,32686.791550604048
2018-05-18,32229.111102350907,32575.450473574012
2018-05-21,32587.80025534527,32904.13750066664
2018-05-22,32462.28159021217,32799.99811435711
2018-05-23,32767.565816404698,33087.18550472602
2018-05-24,32711.510070296095,33030.41817369899
2018-05-25,32728.219181769065,33064.87202740866
2018-05-29,32488.946478558028,32872.29583569149
2018-05-30,32665.068404556612,32989.74974543557
2018-05-31,32844.05189552124,33061.28315234278
2018-06-01,33605.826466771025,33765.46643834959
2018-06-04,33975.308160910194,34102.35477440126
2018-06-05,34100.75881539941,34274.275075548605
2018-06-06,34133.33213228256,34339.61804280511
2018-06-07,33799.8092303041,34056.737911394936
2018-06-08,33764.08887365663,33967.51362025736
2018-06-11,33753.6378545612,33916.8346516643
2018-06-12,33916.25601923283,34079.47280365553
2018-06-13,33733.033182268955,33869.5249375582
2018-06-14,33958.53686866131,34029.8460833446
2018-06-15,33690.08285165376,33720.278547559334
2018-06-18,34001.50581214277,33926.52909671282
2018-06-19,33771.52579917299,33624.37018907692
2018-06-20,33984.738638586816,33829.412253599534
2018-06-21,33700.424403159624,33578.76919811279
2018-06-22,33585.19486590297,33456.31292406578
2018-06-25,32906.16998764914,32833.894325105226
2018-06-26,33055.050818725635,33068.25396649476
2018-06-27,32715.12116057121,32798.2921179887
2018-06-28,33012.404552370164,33085.3651805604
2018-06-29,33010.57242319902,33062.72338238396
2018-07-02,33415.74294723715,33464.067855509384
2018-07-03,32862.919816973976,32924.92535871008
2018-07-05,33275.018642496936,33275.73651660301
2018-07-06,33718.44771200924,33726.87672549856
2018-07-09,34069.87999601714,34101.282985772166
2018-07-10,34084.923801643316,34107.01444186326
2018-07-11,33963.97185936068,33896.9484748643
2018-07-12,34687.120512527916,34573.930318925406
2018-07-13,34873.30587186393,34742.71707575959
2018-07-16,34714.10839076458,34607.538192443164
2018-07-17,35021.79859463793,34855.26330339175
2018-07-18,34864.68192913442,34676.78293469036
2018-07-19,34743.09393898912,34661.335659469216
2018-07-20,34912.196018045724,34800.80131109756
2018-07-23,35236.1558248689,35059.499266071085
2018-07-24,35744.94245264311,35429.47430985543
2018-07-25,36376.60771208304,36009.67979843239
2018-07-26,36297.110258590845,35889.324420036835
2018-07-27,35574.83914734346,35218.245516198695
2018-07-30,35037.73811963305,34764.4668528036
2018-07-31,35113.032032785886,34853.58570254466
2018-08-01,35879.631579110064,35932.685940768664
2018-08-02,36453.35289607982,36636.144168274026
2018-08-03,36512.52126898293,36719.628307304505
2018-08-06,36581.03645131513,36821.22907703432
2018-08-07,36730.31326876788,36833.365427318684
2018-08-08,36860.70832316839,36939.92767222404
2018-08-09,37008.035128971926,37121.74468232465
2018-08-10,36779.339648106456,36928.2543856679
2018-08-13,36731.76630267337,36944.364418594065
2018-08-14,37029.256903852634,37216.67689178423
2018-08-15,36636.42558428604,36955.40229496579
2018-08-16,36732.194741374464,37175.09778236216
2018-08-17,36887.75781186422,37490.20219890692
2018-08-20,36748.49086195218,37270.94947862719
2018-08-21,36577.08828192586,37113.80919935768
2018-08-22,36745.37016190193,37254.600763976836
2018-08-23,36821.71947586031,37341.31023698397
2018-08-24,37112.43149695744,37582.19269608399
2018-08-27,37546.49599881723,37980.37259610227
2018-08-28,37619.22813044185,38139.404167923334
2018-08-29,38195.724659323845,38721.782467041485
2018-08-30,38202.03424421882,38830.00156898233
2018-08-31,38162.56240496127,38953.70154739658
2018-09-04,37921.54417639877,38822.06806859849
2018-09-05,37347.29378019431,38281.44153460394
2018-09-06,37012.23367722987,37893.35492342622
2018-09-07,36785.87511675971,37644.11999879981
2018-09-10,36727.543561522914,37497.442154212426
2018-09-11,37400.80357098813,38258.04389593058
2018-09-12,37105.98854576213,37950.72577890929
2018-09-13,37648.89107079887,38599.662022790144
2018-09-14,37513.4056947175,38400.59962357571
2018-09-17,36852.12727421716,37646.04847921388
2018-09-18,37066.7379604558,37832.170105340316
2018-09-19,36985.0973842771,37738.47320215408
2018-09-20,37466.83658795679,38182.64909581577
2018-09-21,37204.337472369625,37921.95668298615
2018-09-24,37505.88875672481,38283.58037361415
2018-09-25,37713.05721440354,38475.94045103741
2018-09-26,37563.08211587466,38276.38294074747
2018-09-27,38007.10954960957,38798.291475652775
2018-09-28,38044.24065562721,38860.55705370242
2018-10-01,38282.35556604139,39127.12443238635
2018-10-02,38335.602989336345,39248.5395408614
2018-10-03,38534.483078076184,39514.6728353295
2018-10-04,37677.870078302534,38697.562069253414
2018-10-05,37301.964041970125,38254.86594971369
2018-10-08,37004.390652843555,38001.48289940854
2018-10-09,37217.45577355265,38339.04181661614
2018-10-10,35394.368697309685,36471.067928852404
2018-10-11,35247.09332761293,36274.840189635666
2018-10-12,36393.76930418893,37496.97326712495
2018-10-15,35720.26909708583,36772.63799546015
2018-10-16,36689.818406582075,37730.810814860706
2018-10-17,36545.75761130628,37583.14906511776
2018-10-18,35697.20100600945,36721.00475190687
2018-10-19,35974.7629322684,37065.51283474081
2018-10-22,36222.23805865739,37319.52569189997
2018-10-23,36206.01268580014,37362.95274697761
2018-10-24,34521.17270020237,35735.48822928547
2018-10-25,35951.513225442606,37067.492359325384
2018-10-26,35396.967983632414,36501.49889890774
2018-10-29,34298.738769123454,35510.3253876977
2018-10-30,34505.93519755271,35688.137902012
2018-10-31,35597.376652978586,36750.48643105233
2018-11-01,35630.62021274729,36909.7154031207
2018-11-02,34711.26468356814,35612.1922089574
2018-11-05,34359.74882680944,35137.80268469082
2018-11-06,34656.12404032654,35440.512700051666
2018-11-07,35878.84077829371,36652.70055204754
2018-11-08,35667.80415830074,36478.10428388671
2018-11-09,35015.35762016312,35795.57653433484
2018-11-12,33840.035302672215,34445.51358101525
2018-11-13,33719.78035933197,34271.079541492945
2018-11-14,33313.78599705773,33684.48185957876
2018-11-15,34005.62772851727,34427.71843562693
2018-11-16,34208.47008729247,34697.740283742445
2018-11-19,32934.06755746608,33392.02659584947
2018-11-20,32136.583459553443,32335.3822892935
2018-11-21,32406.862832565443,32532.099723986437
2018-11-23,31990.305706864317,32032.05386871546
2018-11-26,32753.766901557283,32726.352849982697
2018-11-27,32760.868542063527,32729.83900988775
2018-11-28,33996.46972839915,33969.64496369746
2018-11-29,33843.53272853196,33771.23787581294
2018-11-30,34009.56783331117,33837.36616586877
2018-12-03,34596.92088238387,34579.31601554463
2018-12-04,33165.6353522965,33154.520601937664
2018-12-06,33273.052968385084,33128.52041792953
2018-12-07,32109.63499215011,31946.53874463748
2018-12-10,32530.48804618364,32345.326994406092
2018-12-11,32656.46032017036,32395.042641874166
2018-12-12,32859.78282157815,32557.7666934623
2018-12-13,33014.830380674066,32767.84281125135
2018-12-14,32095.038829067045,31803.15427126683
2018-12-17,31413.56647861221,31215.017081655616
2018-12-18,31840.842807582147,31624.197927783724
2018-12-19,31400.335986130103,31057.251432031666
2018-12-20,30796.06864542513,30398.242910894416
2018-12-21,29740.863596666455,29320.368242282188
2018-12-24,29004.770010359895,28534.98664043625
2018-12-26,30966.40807588449,30490.669919084234
2018-12-27,31012.807672936167,30477.518097903252
2018-12-28,30876.31956509766,30377.926576453323
2018-12-31,31079.856886300924,30621.86736339817
2019-01-02,31142.148065033234,30655.60761877191
2019-01-03,29438.7664715468,28620.71398035301
2019-01-04,30817.402933941743,29924.562014653406
2019-01-07,30787.153450141213,29890.772777934733
2019-01-08,31147.333013771506,30293.205078871797
2019-01-09,31436.525035782637,30659.609182734992
2019-01-10,31375.360831764276,30633.512933822913
2019-01-11,31052.710587883124,30330.61668488542
2019-01-14,30695.52591475377,29962.33796070687
2019-01-15,31542.283923705578,30729.130679335813
2019-01-16,31736.807960528877,30966.28575028598
2019-01-17,31967.22314191373,31178.085366876017
2019-01-18,32271.816105155885,31460.656981640695
2019-01-22,31549.090008978532,30766.775477236588
2019-01-23,31750.46982009051,30951.922132298743
2019-01-24,31611.996014636235,30782.532888858088
2019-01-25,32227.62920715215,31476.349163386436
2019-01-28,31707.57198158939,31022.815403020166
2019-01-29,31286.859071387713,30616.195027878493
2019-01-30,32620.239755868628,32129.031471065664
2019-01-31,32775.520522961626,32231.31462781259
2019-02-01,32537.609185122215,32044.65904016454
2019-02-04,33379.103919781184,32907.26420948822
2019-02-05,33827.065315567,33387.20596338725
2019-02-06,33422.118043072296,33113.793395042594
2019-02-07,32962.80133577205,32628.86431787225
2019-02-08,32982.38851274639,32664.395652735955
2019-02-11,32872.87402245132,32529.983881573593
2019-02-12,33391.16981322181,32972.50181536899
2019-02-13,33346.959359120265,32902.74078735367
2019-02-14,33402.433868993445,32974.31552268092
2019-02-15,33420.7878131316,33003.89748724372
2019-02-19,33517.429701560635,33089.26158781506
2019-02-20,33472.531780953526,33109.3469679911
2019-02-21,33481.863327983694,33128.715579415584
2019-02-22,33890.43246038272,33529.47608687947
2019-02-25,34043.62972498172,33712.42063621288
2019-02-26,34175.980382069196,33820.12723582446
2019-02-27,34200.94016367712,33860.65872313423
2019-02-28,34111.73929963345,33703.52921009741
2019-03-01,34503.7501102764,34057.239502443306
2019-03-04,34583.07305931702,34147.43583106319
2019-03-05,34662.198832095375,34158.635707173904
2019-03-06,34558.888148841135,34040.11267285697
2019-03-07,34146.02828088137,33636.48901360173
2019-03-08,34176.751538935874,33682.2888160192
2019-03-11,35100.73335020075,34649.41724985242
2019-03-12,35492.60485195292,35022.57007138507
2019-03-13,35654.4359834689,35191.96720101336
2019-03-14,35731.169615833154,35357.53915662349
2019-03-15,36001.02747172393,35696.46965920902
2019-03-18,36277.75574544538,36021.549266564616
2019-03-19,36331.67744157777,35970.486771227654
2019-03-20,36665.536162538934,36259.13491610365
2019-03-21,37493.13153108461,37234.12454282507
2019-03-22,36616.83828302664,36382.483723597805
2019-03-25,36429.07201715048,36157.534562310204
2019-03-26,36252.95050907114,35948.26373985177
2019-03-27,36124.64887387677,35934.16697918388
2019-03-28,36098.44608953273,35937.75014960996
2019-03-29,36328.235181614415,36176.32436013412
2019-04-01,36748.64941723244,36534.34705848163
2019-04-02,37011.233097459364,36855.52281172327
2019-04-03,37230.47673164806,37086.431820678714
2019-04-04,37277.52758943965,37115.057529424776
2019-04-05,37334.36615142994,37240.02988790609
2019-04-08,37501.788184422796,37517.275598140994
2019-04-09,37338.7152581408,37365.30581334206
2019-04-10,37542.45761951324,37579.07791553728
2019-04-11,37485.430123758735,37455.35823200562
2019-04-12,37680.526160702844,37587.10351082815
2019-04-15,37752.68537249726,37653.81366179662
2019-04-16,37780.04022382686,37662.60956300103
2019-04-17,38213.67878514873,38173.19080500569
2019-04-18,38440.4847480091,38400.441932948976
2019-04-22,38649.95041117931,38575.9913687685
2019-04-23,39183.59673061163,39114.849266855876
2019-04-24,39010.331978144146,38979.56592484999
2019-04-25,39398.191629918394,39235.06347218539
2019-04-26,39515.19930702956,39271.26841215603
2019-04-29,39716.661996505325,39405.64705587515
2019-04-30,38553.23535277351,38510.62024842094
2019-05-01,38641.56649215045,39050.45064638759
2019-05-02,38314.77832048311,38725.068695282374
2019-05-03,38998.007911121815,39366.35418941158
2019-05-06,38764.35248213281,39019.55224118297
2019-05-07,37992.77725430516,38157.92764824133
2019-05-08,37907.45864906562,38108.4639911581
2019-05-09,37740.36358128946,37884.53997678993
2019-05-10,37725.92610446102,37767.601663004745
2019-05-13,36286.74066158393,36132.327676622364
2019-05-14,36488.710495366715,36465.014636092565
2019-05-15,37302.43365777695,37135.328814379245
2019-05-16,37680.345928951574,37397.79397252526
2019-05-17,37358.514302831405,37117.453809475024
2019-05-20,36532.2430332807,36223.074280120934
2019-05-21,36935.3445609959,36690.733348753456
2019-05-22,36773.04240595232,36390.92360512345
2019-05-23,36309.29687271076,35886.74364980877
2019-05-24,36197.45203231318,35780.775937921986
2019-05-28,36149.98031167757,35705.967702276525
2019-05-29,35768.51971819444,35394.28819695882
2019-05-30,35921.40150766258,35562.51431957706
2019-05-31,35350.0591426206,34971.880049605774
2019-06-03,34143.48625219512,34041.02663049924
2019-06-04,35047.72247932345,35049.85493849114
2019-06-05,35380.456865134605,35495.23707059492
2019-06-06,35775.34377281334,35945.413089432426
2019-06-07,36661.32636761161,36867.23431511241
2019-06-10,37093.69585888718,37303.122346297285
2019-06-11,37170.607423174304,37465.04980997671
2019-06-12,37051.72917108289,37340.088169598836
2019-06-13,37263.45728657872,37489.37788584934
2019-06-14,37131.82772618424,37331.924685078164
2019-06-17,37329.53720430623,37529.28576925392
2019-06-18,37967.65256314704,38244.24894281551
2019-06-19,37971.93063072267,38228.299278512204
2019-06-20,38290.76394640209,38548.54789523311
2019-06-21,38388.64939900571,38568.81073054448
2019-06-24,38352.86510252698,38558.406517200165
2019-06-25,37422.085908084235,37699.87438329513
2019-06-26,37655.35747719408,38099.62416080137
2019-06-27,37629.3336317335,38086.65225901843
2019-06-28,37569.165497408634,37940.60675698325
2019-07-01,38158.56002365443,38555.210153889544
2019-07-02,38463.098589722686,38833.12561921073
2019-07-03,38771.68336536546,39141.622350125675
2019-07-05,38834.08837374128,39157.6886865059
2019-07-08,38376.32586261119,38635.72997689296
2019-07-09,38493.55860455194,38763.137876821
2019-07-10,38940.81391182595,39187.84515599614
2019-07-11,38934.147605370745,39113.84428649752
2019-07-12,39095.03227441567,39315.103641626396
2019-07-15,39276.286658347664,39535.27645108246
2019-07-16,39093.016491423936,39331.74937283496
2019-07-17,38866.81965519379,39105.60838256609
2019-07-18,39033.89528581523,39344.04000986306
2019-07-19,38680.797737328954,38960.072533836246
2019-07-22,39233.57618763356,39612.87122754013
2019-07-23,39518.53812998468,39903.013661551115
2019-07-24,39547.5893705005,39951.83503160857
2019-07-25,39349.8716246783,39722.176004254645
2019-07-26,40764.93536524495,40653.27690247284
2019-07-29,40825.137204270846,40794.27119147304
2019-07-30,40549.45877038495,40556.79532899418
2019-07-31,40324.452486307055,40552.12467424717
2019-08-01,40139.318136763584,40230.432635151854
2019-08-02,39573.10622375534,39600.769453332854
2019-08-05,37972.317386623865,37882.05648275557
2019-08-06,38628.350042369944,38560.93470257628
2019-08-07,38871.19966668626,38843.0756367359
2019-08-08,39836.38320336425,39782.43535918916
2019-08-09,39423.80003967084,39403.073615173606
2019-08-12,39048.073486197434,39092.82505618046
2019-08-13,40114.98222457438,40311.25473505815
2019-08-14,38951.38467901753,39128.32740211843
2019-08-15,38914.175548969964,39038.66552328152
2019-08-16,39567.67254993263,39779.8969225704
2019-08-19,40271.928474546505,40493.841206335106
2019-08-20,39971.92957405645,40279.780470617865
2019-08-21,40355.49185856399,40687.562809789226
2019-08-22,40245.533421793945,40581.10326547728
2019-08-23,38770.875540168956,38996.92598593543
2019-08-26,39413.17481244244,39667.05139945374
2019-08-27,39289.02362946272,39466.295023260114
2019-08-28,39392.31215421579,39602.76581356585
2019-08-29,40091.829981444775,40300.66824216586
2019-08-30,40007.89343652879,40226.840363828705
2019-09-03,39402.606270134405,39632.82076896922
2019-09-04,39921.80562374089,40194.21341564078
2019-09-05,40752.73751425929,41002.60360093384
2019-09-06,40593.53552385977,40877.53021075464
2019-09-09,40485.80287358679,40818.337987429724
2019-09-10,40508.72626619731,40934.11957039618
2019-09-11,41102.16350540803,41685.570601510524
2019-09-12,41380.55790010209,41869.889905579446
2019-09-13,41148.66989678563,41478.660611992455
2019-09-16,41028.98714426028,41441.792493139925
2019-09-17,41165.64359485545,41602.06144248705
2019-09-18,41438.10627990297,41918.548813292735
2019-09-19,41648.51215866072,42021.24676129206
2019-09-20,41185.2997174026,41507.99389809572
2019-09-23,41272.32945897292,41608.313683368106
2019-09-24,40850.59755002379,41241.227598915335
2019-09-25,41565.00598564713,41923.81863665924
2019-09-26,41470.8471632438,41807.37996393344
2019-09-27,41042.45635519391,41433.00312579677
2019-09-30,41439.88356854243,42005.37503206275
2019-10-01,41112.12542170904,41781.70142842868
2019-10-02,40207.571241358775,40842.15022519109
2019-10-03,40614.62509514223,41243.76130063621
2019-10-04,41421.97017680093,42138.19907164566
2019-10-07,41294.149234416436,42032.45948168979
2019-10-08,40780.91087131681,41526.83826117337
2019-10-09,41337.88328116194,42091.80991372758
2019-10-10,41690.34584448532,42503.52703053952
2019-10-11,42189.618523181765,43165.813872947256
2019-10-14,42180.119056898926,43137.32382769051
2019-10-15,42633.385565827,43447.725080101634
2019-10-16,42468.25909074697,43258.53211637857
2019-10-17,42562.241653272424,43344.17837553714
2019-10-18,42303.800110257675,43177.97052982743
2019-10-21,42651.55239755394,43647.629967350935
2019-10-22,42372.283114009304,43381.25861598914
2019-10-23,42838.88845391213,43870.20589598461
2019-10-24,43160.10915240947,44175.53288976253
2019-10-25,43477.81975516293,44558.806496669065
2019-10-28,44262.212017218975,45284.5992387909
2019-10-29,43457.66053249808,44433.804764223685
2019-10-30,43636.86601264645,44597.47518463937
2019-10-31,43819.087055014854,44973.47188467215
2019-11-01,44425.35117998061,45740.707373546335
2019-11-04,44810.180894076344,46094.97131235291
2019-11-05,44800.61481494697,46066.328158425444
2019-11-06,44760.68071083529,46034.84566421576
2019-11-07,45137.69687365084,46433.27711023156
2019-11-08,45379.89309858191,46675.606404436774
2019-11-11,45391.34949155714,46798.36085177016
2019-11-12,45464.446033737906,46861.47725179123
2019-11-13,45622.350680733274,47101.480522581296
2019-11-14,45746.713218394194,47104.72048316813
2019-11-15,46408.670147435114,47742.318655481286
2019-11-18,46365.90868630995,47799.925682502144
2019-11-19,46239.28564941332,47679.70750677473
2019-11-20,45907.11990525666,47299.40739850589
2019-11-21,45803.98004889702,47167.60446813124
2019-11-22,45725.83468128539,47110.37015661207
2019-11-25,46301.21135263404,47765.50352518087
2019-11-26,46349.34180565921,47708.6678017691
2019-11-27,46576.09536293658,48050.05696925393
2019-11-29,46350.952415815365,47849.288568626565
2019-12-02,45805.10222324354,47287.37580232983
2019-12-03,45578.019916462516,46886.189970674175
2019-12-04,46051.02811512221,47319.2450123135
2019-12-05,46377.767817473345,47731.483257679545
2019-12-06,47008.85482608361,48455.72387585625
2019-12-09,46791.316272155054,48105.21148158383
2019-12-10,46857.61705851478,48223.14796307515
2019-12-11,47065.56457912224,48493.133833154694
2019-12-12,47314.294566195604,48733.19988450871
2019-12-13,47642.49533800052,49175.78149987873
2019-12-16,48180.19072062779,49793.14571241281
2019-12-17,48056.433267191605,49718.86647683279
2019-12-18,47949.782339721954,49606.73623864791
2019-12-19,48158.0806889512,49793.99357959758
2019-12-20,48238.31763451805,49867.19199334422
2019-12-23,48493.68612649895,50269.71121744458
2019-12-24,48431.77147123827,50244.58362711989
2019-12-26,49101.01824113741,51001.40084941098
2019-12-27,49030.66899226248,50961.077266882705
2019-12-30,48806.678573785204,50868.20741328435
2019-12-31,48933.023537868656,51062.27032879445
2020-01-02,49963.882466596195,52151.76028043812
2020-01-03,49507.46314967593,51648.87330391239
2020-01-06,50121.47017619215,52170.02721059412
2020-01-07,49858.29518915342,51884.494398179886
2020-01-08,50508.65284062319,52623.59830886797
2020-01-09,51253.353476281525,53490.20662862418
2020-01-10,51323.267243092836,53545.51228308628
2020-01-13,52027.00092816692,54393.60459288729
2020-01-14,51556.99616510753,53840.12133684831
2020-01-15,51698.07286121404,53894.16288446784
2020-01-16,52360.9316462358,54610.053453231856
2020-01-17,53005.20966560184,55225.16604620168
2020-01-21,52854.63837271056,54998.9355255248
2020-01-22,52852.127504168035,55029.83605286466
2020-01-23,53055.150748288375,55270.04757384929
2020-01-24,52605.37325786295,54885.43563056119
2020-01-27,51384.60427644349,53545.26326303182
2020-01-28,52429.34420030856,54757.82027650171
2020-01-29,53142.3737598371,55633.882031208675
2020-01-30,53586.58473811582,56045.65095899719
2020-01-31,52267.26355341128,54389.5172001041
2020-02-03,53249.951661045125,55090.850815006765
2020-02-04,53974.979955656614,56267.87969602793
2020-02-05,54107.67783451278,56481.65499004815
2020-02-06,55065.780592312476,57397.048473772564
2020-02-07,54881.30912805448,57055.74477375435
2020-02-10,55812.18606166421,57866.94088205626
2020-02-11,55297.21235958893,57311.206889693065
2020-02-12,55866.53535846285,58081.936489638625
2020-02-13,55568.851017867644,57740.7148933551
2020-02-14,55804.12582603709,57943.2087449331
2020-02-18,55660.89874660152,57594.46124482485
2020-02-19,56051.5474002653,58104.50120157956
2020-02-20,55477.99173830441,57480.20046206752
2020-02-21,54066.067556496884,56030.44264646828
2020-02-24,51660.33686025955,53494.54612909645
2020-02-25,50386.10734215891,52070.98794287901
2020-02-26,50912.68224072143,52710.37458223295
2020-02-27,47685.83548244481,49300.83383769545
2020-02-28,48355.15313780837,49826.74740521132
2020-03-02,51494.79714254238,53491.07961610086
2020-03-03,49525.36677994939,51497.6330177036
2020-03-04,51438.729016019926,53597.05239036911
2020-03-05,49622.75230573079,51805.68376131533
2020-03-06,48696.23362138695,50872.485076143515
2020-03-09,45310.75821117355,47198.56228486893
2020-03-10,48169.05935589276,50327.552637478846
2020-03-11,46074.768869797386,48262.30634977965
2020-03-12,41841.4269946185,43714.15545784694
2020-03-13,46784.13802487307,49005.189634848175
2020-03-16,40665.102423178265,42545.87104527775
2020-03-17,42946.42890506615,44889.505030761655
2020-03-18,41649.32240321482,43557.393888569924
2020-03-19,42031.93393655362,43769.02305073243
2020-03-20,40068.50062810044,41544.27477498736
2020-03-23,39475.49318938693,40869.1558030984
2020-03-24,42938.87330534493,44622.09601154934
2020-03-25,42363.41735270298,44146.82731105655
2020-03-26,44775.58476339431,46628.14129493323
2020-03-27,42868.9538469792,44666.21859900162
2020-03-30,44745.875954123665,46536.17527719284
2020-03-31,44684.364276479035,46396.11411594028
2020-04-01,42604.54952814376,44203.3066043855
2020-04-02,43328.0095630015,44966.49430566969
2020-04-03,42672.849348348405,44323.246668438434
2020-04-06,46149.52620561001,47979.54626619708
2020-04-07,45797.48234511272,47541.555544642695
2020-04-08,46656.84040953801,48489.53762050659
2020-04-09,46764.46942027662,48661.92140504057
2020-04-13,47154.960342209306,49203.15489765431
2020-04-14,49438.47381809714,51621.72463324003
2020-04-15,49012.105621140676,51159.169414443335
2020-04-16,49634.06656904782,51824.22643261633
2020-04-17,49839.175469085225,51787.43401058066
2020-04-20,48933.19567955388,50797.46342548292
2020-04-21,47120.826306061186,48987.48095375468
2020-04-22,48706.031285292556,50565.973790065094
2020-04-23,48611.24450293586,50386.94217234713
2020-04-24,49444.12610204114,51433.3229232588
2020-04-27,49334.45980373286,51361.05109187114
2020-04-28,48172.075067932135,50260.088236726704
2020-04-29,50847.69864260907,52655.822259783185
2020-04-30,51432.383538955946,53405.18629070299
2020-05-01,50338.46148248863,52327.443051688606
2020-05-04,51057.37704235403,53125.94259676787
2020-05-05,51831.56772777282,53905.52285430914
2020-05-06,52133.97401268556,54314.153968820596
2020-05-07,52722.71357518172,54882.272001373174
2020-05-08,53437.677758352795,55752.99168181774
2020-05-11,54164.34791967778,56533.2639908277
2020-05-12,53183.59820360092,55597.199308270814
2020-05-13,52355.32554759688,54792.218363750275
2020-05-14,52648.676412230394,55101.1818191811
2020-05-15,53010.111701923845,55310.68397843293
2020-05-18,53751.24310248617,56218.464273737765
2020-05-19,53384.25584524006,55851.800022474956
2020-05-20,54427.19205070809,56909.812770472
2020-05-21,54042.99166202081,56473.13614983216
2020-05-22,54249.946541959216,56714.43588429657
2020-05-26,54040.31299237145,56407.735870772245
2020-05-27,54128.79352432581,56544.3376824255
2020-05-28,54070.13084677218,56502.282499598274
2020-05-29,54430.574812084415,56769.3948674942
2020-06-01,54629.19426710758,57090.112715423646
2020-06-02,55015.08797029461,57476.321280847864
2020-06-03,55121.76098157724,57652.0984455907
2020-06-04,54403.13233911517,56976.28158786583
2020-06-05,55673.71561486768,58394.826506886944
2020-06-08,56001.79484659233,58741.05880777648
2020-06-09,56786.05848609185,59836.02032754564
2020-06-10,58139.651640090284,61375.56791790889
2020-06-11,55337.62256249396,58387.19877452384
2020-06-12,55787.440846381345,58869.2654128587
2020-06-15,56239.20882353611,59411.34663740583
2020-06-16,57534.91425225399,60850.56862567947
2020-06-17,57655.08509261853,60922.48203745958
2020-06-18,57624.82484437826,60975.81303064762
2020-06-19,57273.608069909256,60611.95471650166
2020-06-22,58652.023483118406,62131.30314881021
2020-06-23,59379.44880721814,63033.0040120582
2020-06-24,58208.18072350483,61826.153823993445
2020-06-25,58824.701929032024,62543.41651447578
2020-06-26,56760.823956760905,60525.10967752673
2020-06-29,57881.08495931844,61725.36074730028
2020-06-30,58823.41258220526,62640.589502251256
2020-07-01,59232.14770073117,62902.83145317379
2020-07-02,59765.037795599776,63290.31796546382
2020-07-06,61129.57239719009,64801.47708276353
2020-07-07,60697.20372895287,64390.801752992804
2020-07-08,61799.154726719644,65683.72104648843
2020-07-09,62238.28861660898,66094.48880671572
2020-07-10,62489.64984770984,66269.28767848737
2020-07-13,61387.697322162785,65271.715828199005
2020-07-14,61969.576038471925,66007.31724132552
2020-07-15,62026.85221529935,66170.29171809088
2020-07-16,61336.260782187936,65352.94445019293
2020-07-17,61216.73321288245,65203.59557775195
2020-07-20,63155.95403618847,67135.38638921334
2020-07-21,62475.233609187664,66332.82183011016
2020-07-22,62952.549646222025,66788.12820470893
2020-07-23,60439.716499303475,63986.0873052501
2020-07-24,60153.02998538487,63717.25483943122
2020-07-27,61164.349976767,64893.74660745699
2020-07-28,60302.73143701139,63967.18282788364
2020-07-29,61156.501897758535,64943.01280238204
2020-07-30,61586.033397688225,65447.348734059
2020-07-31,63174.074492807544,68551.01602489366
2020-08-03,64815.567073558625,70523.47670181336
2020-08-04,64497.73984042722,70351.4285019263
2020-08-05,64624.873301888045,70499.5842786373
2020-08-06,66098.04253735715,72314.64239092164
2020-08-07,65106.67054261137,71041.2830192162
2020-08-10,64967.61004426801,71118.58288654881
2020-08-11,63581.608807448625,69407.42285295059
2020-08-12,65273.6222267034,71405.93548407359
2020-08-13,65743.55407952593,72076.77061960322
2020-08-14,65571.3523747036,71951.13558406611
2020-08-17,65827.32632755174,72110.83811294124
2020-08-18,66708.63411354124,72911.85538203936
2020-08-19,66441.98168248255,72720.19797480015
2020-08-20,67902.49077838683,74332.62708768192
2020-08-21,68894.56721498234,76079.36207814008
2020-08-24,69381.09769467014,76698.6315665482
2020-08-25,69794.25414147122,76883.6898778263
2020-08-26,71168.18599804422,78271.6658359417
2020-08-27,71241.83588491523,78231.7418201392
2020-08-28,71606.66522210473,78514.5478235001
2020-08-31,71919.53098683209,79403.22354500557
2020-09-01,73435.2869553984,81417.4251072931
2020-09-02,74321.44103063841,81657.76588984964
2020-09-03,69535.67885770499,76035.74573141275
2020-09-04,68538.65640234736,75289.98434881671
2020-09-08,64932.964810154386,70986.19279597519
2020-09-09,67053.65705314762,73528.92223729356
2020-09-10,65391.76953352014,71509.36197896437
2020-09-11,64816.404423402506,70803.54026787689
2020-09-14,65511.91887003061,71944.5137540354
2020-09-15,66284.75566158432,72605.46075285434
2020-09-16,64906.44134380351,70927.04005414763
2020-09-17,63976.833880772596,69903.83759145008
2020-09-18,62519.98300004593,68196.72594755936
2020-09-21,63074.6897927971,69253.37482425118
2020-09-22,64348.01699762789,70585.57893597377
2020-09-23,62001.03449388951,67920.22317356437
2020-09-24,62678.66265360786,68662.89178987878
2020-09-25,64176.44051516044,70576.6089430193
2020-09-28,65145.1614776535,71776.19816450741
2020-09-29,64864.37031642873,71352.90874331939
2020-09-30,65504.40223129148,72203.74223480083
2020-10-01,66242.5194659465,72948.32549429532
2020-10-02,64398.76354603045,70808.36655150985
2020-10-05,65897.52549899521,72595.09734871962
2020-10-06,64329.84448538498,70780.26367027915
2020-10-07,65221.896469519954,71864.19119009038
2020-10-08,65640.74185821087,72146.17493435
2020-10-09,66963.32355348322,73574.06515605295
2020-10-12,69759.40885013102,77009.95176563779
2020-10-13,69332.76182078384,76165.27564389221
2020-10-14,69089.00540311579,75953.24177198029
2020-10-15,68755.26570508772,75601.58670174256
2020-10-16,68614.5951962838,75191.24339991032
2020-10-19,66913.23562130652,73310.20454722932
2020-10-20,67560.28994834702,74040.40049471194
2020-10-21,67960.23439987286,74187.58505140804
2020-10-22,68047.8739090968,74034.80630724446
2020-10-23,68421.76799548468,74188.81203808803
2020-10-26,67095.02657232608,73116.5940316324
2020-10-27,67939.78167896987,74074.78610498608
2020-10-28,64520.88725670786,70441.87567234003
2020-10-29,66190.17337139293,72389.23430444379
2020-10-30,65551.11401856749,70673.79786394036
2020-11-02,65628.93899309366,70701.72243595976
2020-11-03,66695.52695721664,71860.06664292714
2020-11-04,70029.56375534802,75242.46379738557
2020-11-05,71825.06160005232,77441.06915060294
2020-11-06,71806.34549944206,77417.48346472865
2020-11-09,70781.13670057686,76106.08586873703
2020-11-10,69595.39608711548,75015.23500145756
2020-11-11,71035.55931021862,76826.65014254051
2020-11-12,70798.93704697677,76579.71517923629
2020-11-13,71324.6925465913,76968.59571800035
2020-11-16,71634.83204051976,77396.3617581611
2020-11-17,70983.21959189673,76699.61710865101
2020-11-18,70119.43270337523,75776.37942375874
2020-11-19,70629.36159719224,76272.60860054316
2020-11-20,69849.33362808685,75443.58363707866
2020-11-23,69007.57385653979,74214.86749144981
2020-11-24,70168.68501156034,75354.70306673771
2020-11-25,70347.48132654396,75639.06520019617
2020-11-27,70914.02642973157,76162.179537759
2020-11-30,70853.89449068546,76564.47880315689
2020-12-01,72369.49249877511,78331.75658746995
2020-12-02,72744.37996254639,78613.71986292342
2020-12-03,72547.99433605376,78418.31332382382
2020-12-04,72451.30402046411,78227.96289468287
2020-12-07,72650.61710124351,78642.4836304258
2020-12-08,72892.30610204935,78982.68452183378
2020-12-09,71461.87718734016,77403.47221868468
2020-12-10,71466.70292565395,77638.22672918747
2020-12-11,71712.68230031585,77742.74539805873
2020-12-14,71391.43572093097,77448.01954269836
2020-12-15,72695.447843558,79458.09302704892
2020-12-16,73211.45007548037,79974.55020153652
2020-12-17,73165.31408429817,80116.48707347033
2020-12-18,72486.24882184593,79259.06040581042
2020-12-21,73344.62621269378,80261.97593530673
2020-12-22,73986.69047462214,81417.61157058243
2020-12-23,73607.9139668488,80890.97415249741
2020-12-24,74073.38109524129,81448.35758521892
2020-12-28,75768.12176001807,83521.16552490891
2020-12-29,75110.26365919181,82722.3667504626
2020-12-30,74314.51350443326,81893.76880157336
2020-12-31,74440.24188643883,81814.99851807379
2021-01-04,72923.86725880486,80034.32730297925
2021-01-05,73443.86910267676,80681.32100977008
2021-01-06,71743.43416284653,78536.56178454772
2021-01-07,73954.3087361755,81016.16076818392
2021-01-08,74643.6322810044,81728.3931570806
2021-01-11,73248.96285486965,80162.8723810994
2021-01-12,72665.29915410014,79651.70544445886
2021-01-13,73354.14526329169,80544.75001415037
2021-01-14,72380.49884336203,79414.16762717094
2021-01-15,71961.32576240099,78797.30884053976
2021-01-19,73308.3525658606,79951.03078896097
2021-01-20,76312.25973538675,82996.57137880583
2021-01-21,77371.39465398634,84623.78141408763
2021-01-22,78013.40032095075,85490.01480548555
2021-01-25,79168.96486950132,87095.26626451108
2021-01-26,79725.64183879859,87612.83867054377
2021-01-27,78346.85273207849,86523.26032388037
2021-01-28,78601.23829409142,86007.72038325993
2021-01-29,76491.16785607052,83405.94325131779
2021-02-01,78674.52495578627,85524.26483400125
2021-02-02,79186.25094544784,86015.61226821695
2021-02-03,81287.80899087904,87309.91879539132
2021-02-04,81806.24450820718,88283.11435220664
2021-02-05,82210.57476583755,88469.80775960509
2021-02-08,82214.6414044231,88511.40623483517
2021-02-09,82061.37947572923,88285.3014627237
2021-02-10,81976.26510297168,88075.22788801683
2021-02-11,82141.44575117709,88191.53785508376
2021-02-12,82328.4062901981,88377.01525747353
2021-02-16,81947.21252043828,87657.98094667807
2021-02-17,81686.83895212665,87065.09697869237
2021-02-18,81241.31803205426,86539.98135637256
2021-02-19,80742.86209011143,86153.32746553955
2021-02-22,78774.13661122948,83891.789832404
2021-02-23,78681.0207654949,83759.96798722705
2021-02-24,79020.25409596437,83920.78554393612
2021-02-25,76621.91698569593,81317.91509420873
2021-02-26,77132.5247761585,81817.87868356475
2021-03-01,79628.80290765059,84888.97567530676
2021-03-02,78663.88636442756,83629.70380334069
2021-03-03,76641.07892923735,81500.17260273184
2021-03-04,76429.97639749366,80949.14988307102
2021-03-05,78041.66404921764,82407.99884860379
2021-03-08,75373.58275455462,79537.50916081562
2021-03-09,77512.18231364296,82085.0217872975
2021-03-10,77072.2191212978,81531.97966253762
2021-03-11,78828.72114996299,83215.7403940433
2021-03-12,77843.21807772266,82352.7385796261
2021-03-15,78430.5525826422,83296.94118230573
2021-03-16,79461.34371796797,84375.09718351117
2021-03-17,79194.60689546363,84018.10158781934
2021-03-18,76823.9073979754,81430.44262560221
2021-03-19,76739.31358653726,81254.13758309874
2021-03-22,78137.50936923742,83032.07411731569
2021-03-23,78270.04359367122,83000.92350812975
2021-03-24,77403.13387945716,81877.43264172474
2021-03-25,77167.7843459668,81721.83211264588
2021-03-26,77660.55443711951,82306.6137811387
2021-03-29,77832.51735664449,82409.47866053657
2021-03-30,77148.80501476336,81552.90213445766
2021-03-31,78267.87501014282,82859.6806607439
2021-04-01,80028.32235627748,84382.14226497686
2021-04-05,82513.96655858512,86785.49766575149
2021-04-06,82327.83136096485,86689.97732221159
2021-04-07,83290.95864713399,87718.0648404165
2021-04-08,84338.50827514767,89003.74465786076
2021-04-09,85449.29897672968,90339.2001507359
2021-04-12,84752.2896818705,89540.53848015652
2021-04-13,85847.24905243676,90977.82976621643
2021-04-14,84856.39987852478,89758.44392642762
2021-04-15,86365.08150877028,91357.0170702884
2021-04-16,86398.38314870962,91352.52894674
2021-04-19,86411.88807074625,91429.93280788933
2021-04-20,85853.67013389278,90706.67976434961
2021-04-21,86186.30077936356,91078.73952923642
2021-04-22,85148.95308096713,89982.53814466042
2021-04-23,86697.59682081005,91590.67326733981
2021-04-26,86953.56178067402,91848.76643107171
2021-04-27,86691.33243087788,91629.83002522396
2021-04-28,86558.25921447227,91120.57592147497
2021-04-29,86716.71979359187,91126.81266131597
2021-04-30,85767.23408288843,90102.5334795161
2021-05-03,85839.24584878581,90358.5516295277
2021-05-04,83921.69509221245,88042.21231487546
2021-05-05,83923.66511379484,88048.20157561082
2021-05-06,84924.71053374805,89132.98188368102
2021-05-07,85561.55406836084,89773.90700043629
2021-05-10,83499.34456267921,87592.94117679332
2021-05-11,82922.69809498558,87001.59971067996
2021-05-12,80571.73663787577,84615.27065191642
2021-05-13,81857.29683926296,86022.8798708653
2021-05-14,83577.592483203,87800.9429440701
2021-05-17,83115.09891794398,87160.46294421544
2021-05-18,82246.09058852671,86244.97581395648
2021-05-19,82388.20093974406,86322.56499697983
2021-05-20,83773.39214866847,87856.81427086421
2021-05-21,83057.43033217013,86970.3844409166
2021-05-24,84867.03532013117,88653.69012708779
2021-05-25,84950.48228542597,88697.37092116782
2021-05-26,85122.4538169296,88786.51550462136
2021-05-27,84315.15212987913,87874.65126062585
2021-05-28,84137.21380613638,87635.44024010551
2021-06-01,84096.3516370027,87460.24935852093
2021-06-02,84136.29404932844,87646.31677819647
2021-06-03,83342.88188196994,86774.47454386689
2021-06-04,84989.93691688242,88477.9928902923
2021-06-07,85436.66523982077,88865.68401021935
2021-06-08,85441.77800577966,89003.33056617728
2021-06-09,85757.25017370755,89318.61320841334
2021-06-10,86262.12728881958,89547.69141419783
2021-06-11,86559.29994910928,90019.55899895812
2021-06-14,87714.35081579194,91473.85572337812
2021-06-15,87108.99781279554,90864.55727527467
2021-06-16,86958.36910343701,90843.05956998316
2021-06-17,87953.08321057193,91934.19674405597
2021-06-18,87098.90656388437,91068.36453595673
2021-06-21,88277.77305372964,92305.57187545876
2021-06-22,89099.25626315245,93273.81424741924
2021-06-23,88960.93880601606,93120.02949268509
2021-06-24,89145.9139663998,93225.4472676252
2021-06-25,88895.0809181831,92946.79386376074
2021-06-28,89687.19251419476,93923.32272373156
2021-06-29,90264.87263809929,94704.02313229856
2021-06-30,90303.43893743616,94842.13116539567
2021-07-01,90536.87733111494,95078.14442788743
2021-07-02,92493.84416648696,97081.97288102267
2021-07-06,93178.28477236765,97942.03014405388
2021-07-07,94059.7712462915,99105.59335146648
2021-07-08,93135.71248157718,98159.03631206062
2021-07-09,93717.00611180234,98929.46082420484
2021-07-12,93878.62525075056,98885.00039102277
2021-07-13,94628.69929500314,99723.59162169964
2021-07-14,95782.47073317229,101228.44335109802
2021-07-15,95165.04972906156,100647.47703923001
2021-07-16,94678.18777041532,99903.48847588788
2021-07-19,92813.8288513469,97783.40152827732
2021-07-20,94280.56782777836,99554.05222410682
2021-07-21,94686.86456643906,99732.34088308529
2021-07-22,95738.31260248422,100852.90489546642
2021-07-23,97656.11444539524,102552.22565538125
2021-07-26,97930.26159660312,102792.04570588974
2021-07-27,96640.43805491505,101430.98420789413
2021-07-28,97235.87403644362,101423.50869271706
2021-07-29,97339.74741836231,101636.95509314306
2021-07-30,96957.5364175809,101387.15633912846
2021-08-02,96902.70380205041,101278.65341287575
2021-08-03,97757.70906544417,102280.78501119207
2021-08-04,97476.60584162659,101997.21424055402
2021-08-05,98113.04417449312,102526.85058203059
2021-08-06,97827.2212429861,102198.89241448292
2021-08-09,97970.92028913766,102238.57937849105
2021-08-10,97622.0402866624,101850.2354719421
2021-08-11,97612.49748979269,101916.963697957
2021-08-12,98831.17596596906,103417.14022131094
2021-08-13,99351.31449163475,103895.94970199512
2021-08-16,100137.83026033174,104873.80204475505
2021-08-17,99362.45891108779,104138.84689475824
2021-08-18,98021.32142108418,102435.06326382709
2021-08-19,98831.750780573,103227.41609081646
2021-08-20,100433.69638720991,104809.87752795988
2021-08-23,101445.27367612161,105775.77601891482
2021-08-24,101494.19335957809,105716.81803275818
2021-08-25,101336.8949727016,105330.12615019812
2021-08-26,100671.77451226077,104638.81939489255
2021-08-27,101591.77112688473,105460.15721290429
2021-08-30,103196.98577779315,107558.46581364411
2021-08-31,102738.88983058141,106939.56930859487
2021-09-01,103009.1793760326,107250.27645608016
2021-09-02,102732.49791525216,107293.78028960383
2021-09-03,102984.36867266659,107587.42408141108
2021-09-07,103535.85871017571,108398.75060403132
2021-09-08,103050.27869231068,107766.88078839889
2021-09-09,102445.43260545334,107064.3406374468
2021-09-10,100504.14356102695,104728.38583979289
2021-09-13,101125.95168703717,105284.80176612025
2021-09-14,101171.62840758036,105110.56684399785
2021-09-15,102390.62137051173,106240.529609731
2021-09-16,102186.7916734128,106076.25352824661
2021-09-17,100298.2768581542,104130.19949300463
2021-09-20,98469.09417440905,102130.03438319005
2021-09-21,98711.54633110322,102403.29865442398
2021-09-22,99984.57888363546,103845.32926892623
2021-09-23,100539.43606684319,104434.50121725246
2021-09-24,100773.56432516014,104592.3068280395
2021-09-27,99567.93404841796,103329.48882001957
2021-09-28,96343.14466868527,100209.6211278345
2021-09-29,96256.63452931344,100367.49614592633
2021-09-30,95561.06688239954,99578.44087358651
2021-10-01,97314.38942406545,101171.05634000634
2021-10-04,95159.09407530086,98870.19189862398
2021-10-05,96802.12526026803,100511.72620673901
2021-10-06,97857.53046082947,101510.84128998726
2021-10-07,98741.10734913583,102397.68289459075
2021-10-08,98784.02263040816,102340.77202340268
2021-10-11,98488.76144600696,102116.38924906233
2021-10-12,97456.72782312511,101148.63289456414
2021-10-13,97969.17458211395,101457.55217752562
2021-10-14,100186.5676033506,103671.47326454664
2021-10-15,100649.8403792204,104242.75851329172
2021-10-18,101720.24021744926,105382.67637773522
2021-10-19,102444.28784326377,106341.74292254215
2021-10-20,102118.22525626558,106217.58797568468
2021-10-21,102567.45742864833,106660.67351584528
2021-10-22,101169.90705452759,105564.6577877731
2021-10-25,101016.91213851047,105423.04785613473
2021-10-26,101843.3602264815,106152.98020979586
2021-10-27,104849.8165233235,108379.99155544386
2021-10-28,105762.81250003536,109798.38826575877
2021-10-29,106443.99690409226,109870.75776453369
2021-11-01,104914.06678815935,108663.87593988904
2021-11-02,106033.84832178435,109715.78588289446
2021-11-03,106755.74260691601,110515.14009605812
2021-11-04,107296.43967421398,110815.71185741194
2021-11-05,107525.18196073135,111064.04439118656
2021-11-08,107468.44869431338,110874.60713456293
2021-11-09,107418.95751727655,110891.55781527901
2021-11-10,105456.5546770882,108868.55460115412
2021-11-11,105587.2769985173,108992.12250145746
2021-11-12,107249.07928413237,110630.80229182247
2021-11-15,107128.10227037234,110536.77684720696
2021-11-16,107593.1342701951,111158.89916047122
2021-11-17,108250.35464392707,112123.7530409803
2021-11-18,109945.43897633828,114208.1426300929
2021-11-19,110542.11378917759,115223.24728659826
2021-11-22,109648.40030225166,114655.36414686833
2021-11-23,109375.75995546828,114495.07125866432
2021-11-24,109604.8341778629,114759.52721783333
2021-11-26,106573.25654472763,111484.91833562896
2021-11-29,108935.58012009806,113934.23832526481
2021-11-30,108524.21017447543,114550.99115537074
2021-12-01,108136.72179626534,114177.7212679062
2021-12-02,108340.59915896949,114076.51118799574
2021-12-03,106963.3163288688,112580.79401174228
2021-12-06,108370.63212465089,114306.6092447337
2021-12-07,111656.11555930013,117907.3225654354
2021-12-08,112741.371079363,119402.57488160142
2021-12-09,112280.99854202222,118936.98932105249
2021-12-10,114482.1374556034,121672.57021176248
2021-12-13,112782.58581985711,119722.6111326463
2021-12-14,110761.03514580366,117756.73920336025
2021-12-15,113173.24953990664,120528.93348640912
2021-12-16,110078.7611586006,116780.67206969681
2021-12-17,109025.00960140601,115842.60529638182
2021-12-20,108262.9905143933,114935.37152957176
2021-12-21,110259.71132751858,117130.51531809077
2021-12-22,112240.15843077106,119142.62279285779
2021-12-23,112671.95602556743,119601.15435187714
2021-12-27,114658.69528060604,121968.15402984826
2021-12-28,113989.21233051566,121287.08237830736
2021-12-29,114077.94992361972,121386.89220726462
2021-12-30,113417.47841635512,120632.29599640182
2021-12-31,112600.8763508184,119876.57576209295
2022-01-03,113400.30979052554,121230.49212401068
2022-01-04,112118.06100920113,119738.5603606979
2022-01-05,107974.77631766595,115668.45746345117
2022-01-06,107082.37302175307,114424.19773073772
2022-01-07,106946.55883767114,114376.88779615315
2022-01-10,107406.75181994522,114684.5497379566
2022-01-11,108363.87322769986,115901.08864810313
2022-01-12,109272.03315288245,116694.31684182594
2022-01-13,106305.08268704746,113633.20855937395
2022-01-14,107342.42109667603,114674.05851913201
2022-01-18,104902.14748966954,112180.78687606294
2022-01-19,104018.88446841642,110931.69444605176
2022-01-20,102998.14301093189,109870.92675630367
2022-01-21,101164.50613586542,108073.65756426305
2022-01-24,101156.28269932758,107923.1024281384
2022-01-25,98878.51705864967,105809.46720937446
2022-01-26,100395.76216889896,107067.22585686526
2022-01-27,100591.24661365089,107210.7152470647
2022-01-28,105002.10872249419,112576.733282581
2022-01-31,106737.83590288299,114674.97514891606
2022-02-01,107064.70067878152,114770.35187614203
2022-02-02,110544.43791857295,117425.7090837454
2022-02-03,107270.55781459216,114292.69808701766
2022-02-04,107817.90784364371,114762.95771035951
2022-02-07,106053.23737268195,113302.98653175848
2022-02-08,107180.39623104961,114789.12991435367
2022-02-09,108818.83610239721,116378.22902540478
2022-02-10,106172.30323014254,113525.89023599282
2022-02-11,103490.26661016505,110841.03119584215
2022-02-14,103854.13796421445,111120.6835850118
2022-02-15,105574.03398736275,113202.67929877837
2022-02-16,105775.05740360881,113271.63566573942
2022-02-17,102661.84847776497,110216.87888096462
2022-02-18,101460.6089802966,109027.59339055553
2022-02-22,100680.6468849389,107934.1603877057
2022-02-23,98368.30868477523,105329.83766499328
2022-02-24,101902.01254393713,108665.34637198878
2022-02-25,103108.75987686132,109960.45775716176
2022-02-28,103488.86822757716,110312.43934935518
2022-03-01,102390.1305263437,109083.14837302131
2022-03-02,103828.99592654352,110870.44323220334
2022-03-03,103095.29977581298,110176.76946143912
2022-03-04,101247.44745744273,108157.82558623794
2022-03-07,97757.69943704004,104742.91189415813
2022-03-08,97206.90390911959,103907.00976312146
2022-03-09,101436.80110822158,108187.32038961198
2022-03-10,99925.49860085685,106228.70250469865
2022-03-11,97841.70417786851,103932.30626106577
2022-03-14,95568.396751972,101520.49628093452
2022-03-15,98569.2408312116,104730.31219881408
2022-03-16,101389.2248218843,107703.76089739676
2022-03-17,101844.24249492175,108232.66914917494
2022-03-18,103733.48890095176,110307.57026774701
2022-03-21,103876.44460233489,110634.68531089781
2022-03-22,106122.04222889886,112941.29380238077
2022-03-23,105478.86074691139,112639.80488088574
2022-03-24,107655.62453782046,114974.24704881654
2022-03-25,107765.66026515512,115157.67388490714
2022-03-28,108721.83171015524,116210.93525424159
2022-03-29,110233.6607809462,118023.77460278726
2022-03-30,109662.55565196539,117363.45334068622
2022-03-31,107626.99889306886,115222.94497790122
2022-04-01,107973.91284634161,115427.88609863105
2022-04-04,110196.6822878372,117881.11825408072
2022-04-05,108412.32799328394,115912.90607138227
2022-04-06,105383.50659404456,112903.96733554591
2022-04-07,105496.54954656225,113108.23367828161
2022-04-08,103891.26143847484,111506.33417976277
2022-04-11,100482.27202911663,108017.76794979995
2022-04-12,100204.17256872795,108090.64685767207
2022-04-13,101978.45160926161,109982.0093888352
2022-04-14,99210.39217007824,106903.50043801872
2022-04-18,99494.9089894041,107071.12560524937
2022-04-19,101134.05793280405,108765.34943175463
2022-04-20,100714.49113419194,108501.88151351552
2022-04-21,99055.52180840247,107061.58545366516
2022-04-22,95969.63523772324,103908.33296630433
2022-04-25,97885.57910842691,105616.6866301003
2022-04-26,94274.33617212194,101701.02588492911
2022-04-27,94586.48936622342,102347.592449487
2022-04-28,97890.07095833363,106110.48189562338
2022-04-29,94116.40713654933,102047.233837318
2022-05-02,95643.80393162012,103356.66150795222
2022-05-03,95854.4803107926,103693.89023391032
2022-05-04,99436.25287943325,107596.16187118817
2022-05-05,94585.53912616473,102179.8141808466
2022-05-06,94231.33801603988,101998.6095964863
2022-05-09,91150.36281247376,98605.2432835475
2022-05-10,92713.65377708057,100279.90031496488
2022-05-11,89871.11136007564,96542.58190964136
2022-05-12,88267.54221168999,94537.40700146781
2022-05-13,90707.50188397913,97224.18164604685
2022-05-16,90010.51668273186,96478.81536931601
2022-05-17,91915.34664438872,98635.93963957157
2022-05-18,87588.72546898804,93731.58217051301
2022-05-19,86365.85708740195,92218.82340382498
2022-05-20,85965.25048494895,91989.38201431588
2022-05-23,88711.5788130047,95154.46859172506
2022-05-24,86562.93943350922,93185.51536961214
2022-05-25,86873.20945905914,93521.8746850017
2022-05-26,88461.8014292568,95319.2836866875
2022-05-27,91715.14707221261,98851.20020310117
2022-05-31,91791.87520137789,98692.71178176888
2022-06-01,91862.02044196022,98732.07585605653
2022-06-02,93622.56159706559,100443.62676098308
2022-06-03,91083.4771884521,97480.5695486933
2022-06-06,91703.62222907458,97985.82131225649
2022-06-07,92753.80312264716,99312.7729429554
2022-06-08,92372.47737890587,98841.36223854269
2022-06-09,90005.79338811469,96050.31692004453
2022-06-10,86549.9945309238,92296.46860823342
2022-06-13,82984.14970527767,88563.37925703579
2022-06-14,83507.33848385315,89157.21288956059
2022-06-15,85690.1576562088,91358.54372506267
2022-06-16,82816.32373716428,88187.04174191815
2022-06-17,83725.69845180982,89169.6520506796
2022-06-21,86472.53378250399,92020.5653610777
2022-06-22,86278.3230351498,91768.78534309867
2022-06-23,87744.41426030111,93506.0927785215
2022-06-24,90954.23552311727,96565.5251383232
2022-06-27,90085.65296862938,95910.86000982742
2022-06-28,87245.89172889211,92935.1773499545
2022-06-29,87973.81074538782,93900.48931296573
2022-06-30,86339.74174816038,92222.39491469902
2022-07-01,87053.55814751066,93225.83180450393
2022-07-05,89176.10133075438,95236.52939757472
2022-07-06,90185.19631883898,96279.36010182078
2022-07-07,92258.8665022782,98380.04665487226
2022-07-08,92466.7726201572,98625.08791418187
2022-07-11,90699.61040124875,96941.46022374899
2022-07-12,89234.39581051636,95803.28938019238
2022-07-13,88351.80515859394,95125.97159482476
2022-07-14,88852.74063686396,96085.29365565431
2022-07-15,89877.97099163913,97180.38737547418
2022-07-18,88234.87170384833,95419.10189240718
2022-07-19,90921.03907617136,98125.12180560477
2022-07-20,91674.4146741854,99114.25567269124
2022-07-21,92553.1640585497,100230.23935866296
2022-07-22,90043.41871852675,98186.04156095287
2022-07-25,89536.50121134405,97578.76888314182
2022-07-26,87782.74255914858,95912.36016476869
2022-07-27,92980.74686345528,100946.24555206897
2022-07-28,94294.02368718403,102197.991380169
2022-07-29,96395.00764700663,104729.75420592084
2022-08-01,95481.53772526614,103839.1096684032
2022-08-02,94895.56261474844,103048.28381136122
2022-08-03,97796.42683326616,106407.58743667987
2022-08-04,97900.18560702307,106458.29000102752
2022-08-05,97570.92228935917,106171.32599168218
2022-08-08,97131.69951031497,105694.90589644409
2022-08-09,97185.26729048647,105814.15070316244
2022-08-10,99673.77679854831,108528.48205289566
2022-08-11,99041.95359259883,107891.10989912762
2022-08-12,101100.71893116468,110114.03820734267
2022-08-15,101605.03806674619,110711.6721125802
2022-08-16,101380.61801798166,110505.59877020412
2022-08-17,100991.37336958492,110513.11710200446
2022-08-18,100955.92274308974,110370.24079530496
2022-08-19,99152.59317097106,108534.39720675074
2022-08-22,96583.76715680456,105778.82338919933
2022-08-23,96259.49889481897,105451.45255413484
2022-08-24,96193.71722409915,105440.18007040511
2022-08-25,97862.80058122496,107126.91677991721
2022-08-26,93609.688315063,102708.52726926436
2022-08-29,92589.4605213931,101505.4885541123
2022-08-30,91718.71202892414,100380.1567909511
2022-08-31,91017.12483237364,99541.93743856275
2022-09-01,91461.88972109805,99933.6106215172
2022-09-02,90013.74108978694,98409.62367259237
2022-09-06,89148.63817734801,97491.61504538383
2022-09-07,90726.04477764662,98983.60941044975
2022-09-08,90189.9118440955,98363.53906324245
2022-09-09,92076.73541160696,100380.1826863907
2022-09-12,93571.0494315363,102600.38217287675
2022-09-13,88185.99160567754,96687.32034256276
2022-09-14,88685.31208564609,97301.78201211593
2022-09-15,86735.60811962915,95201.85802294181
2022-09-16,86312.41072812054,94585.29126616307
2022-09-19,87083.77274326503,95795.71213731055
2022-09-20,86749.22166416794,95944.0128128465
2022-09-21,85213.92882513086,94203.32170400124
2022-09-22,85520.20909884505,94306.33866982149
2022-09-23,84328.5574428043,92970.25682004874
2022-09-26,84174.29403469528,92912.89002898996
2022-09-27,84044.14638091507,92969.02570972273
2022-09-28,84974.62933282352,93417.00145809184
2022-09-29,82419.29343804129,90216.55804997789
2022-09-30,80562.76059264356,88009.50950462699
2022-10-03,83132.04292916037,90801.79515068038
2022-10-04,85621.82187785013,93438.4936593211
2022-10-05,85658.14956892632,93531.8494160081
2022-10-06,85190.02134596455,92948.78681884002
2022-10-07,81936.10991935275,89322.07403580358
2022-10-10,81191.66303667454,88707.97998983749
2022-10-11,80272.74044555014,87684.09091672696
2022-10-12,80294.50443740231,87590.4419535614
2022-10-13,82612.23205374906,90320.09688252474
2022-10-14,80361.7118077029,87751.20604389379
2022-10-17,83139.10222086508,90681.92646392876
2022-10-18,83734.80771340035,91364.78775786213
2022-10-19,83204.00045546831,90960.87048859822
2022-10-20,83169.34406921871,90836.30282134989
2022-10-21,84942.04458223056,92964.990910057
2022-10-24,86350.24676033744,94499.52989190935
2022-10-25,87854.1062541379,96165.54827291878
2022-10-26,82343.06996244435,91237.89459197159
2022-10-27,80181.04160318962,88786.41480367848
2022-10-28,84454.86224007614,93995.43061328036
2022-10-31,83054.25729670077,92476.54722805535
2022-11-01,80912.87285463884,90401.51189187547
2022-11-02,77909.38661733452,87056.62720814253
2022-11-03,75060.82281493032,83807.94376553617
2022-11-04,76790.57996483806,85197.07247276304
2022-11-07,78204.35074533969,86487.3011397654
2022-11-08,78548.36693052054,86861.85521752838
2022-11-09,76715.23999608713,84615.21586206109
2022-11-10,83032.89552874495,91750.85808631664
2022-11-11,84764.38189347634,93585.14958668388
2022-11-14,83652.54665741503,92371.7432585667
2022-11-15,84830.36437614003,93497.07919213345
2022-11-16,84764.12061310341,93236.63931192216
2022-11-17,84984.71640166867,93743.11781428751
2022-11-18,84770.09538535429,93689.5929345714
2022-11-21,83723.96365544583,92418.73804246941
2022-11-22,84900.01011745557,93717.9156952922
2022-11-23,85773.40138414557,94560.53308827204
2022-11-25,84912.41373723645,93431.7423024097
2022-11-28,83104.23405730572,91285.49606839017
2022-11-29,82106.51256409356,89994.7755120402
2022-11-30,86790.63831869338,94941.79733343785
2022-12-01,86794.33635132128,94981.35593973493
2022-12-02,86576.72411791091,94754.71835283966
2022-12-05,85525.06004886088,93658.09298244934
2022-12-06,83506.53948591948,91428.81225848696
2022-12-07,82452.13371915382,90330.07625827251
2022-12-08,82770.30389976961,90980.01003938228
2022-12-09,82195.63651290556,90434.44228467738
2022-12-12,83577.88207128308,92052.83841677643
2022-12-13,84946.07376127614,93305.07078428556
2022-12-14,84373.4242519952,92503.69497729138
2022-12-15,80912.5463285279,88631.55953332945
2022-12-16,79873.33611355208,87407.1461788922
2022-12-19,78451.53724862887,85904.94920336624
2022-12-20,78756.02855842127,86139.60652885036
2022-12-21,79831.76612580002,87554.54391085681
2022-12-22,77979.17273307682,85487.51393459903
2022-12-23,78400.76329153663,85712.44632737388
2022-12-27,77305.41071628676,84573.52745170155
2022-12-28,75846.48062674845,82750.59633786163
2022-12-29,77975.3237098837,85075.96821061653
2022-12-30,77846.51145635221,85012.64838395918
2023-01-03,77111.68270933806,83568.6930976533
2023-01-04,75952.47802462222,82707.96118828203
2023-01-05,74393.2521914282,81180.95787929876
2023-01-06,75925.86159307187,83176.19212835425
2023-01-09,76472.80690392853,83718.71061068049
2023-01-10,76896.41496346553,84172.65292380632
2023-01-11,79111.30205272864,86414.9865985392
2023-01-12,79289.58452438113,86616.71549346847
2023-01-13,79923.93986243161,87321.597174776
2023-01-17,80041.9039549451,87669.18798123613
2023-01-18,79344.97262121773,86904.34909052869
2023-01-19,79481.73524368362,86862.80582130868
2023-01-20,82353.04303285037,89556.92200781842
2023-01-23,83763.54041187036,91196.6213305655
2023-01-24,83397.57647110149,91212.57433498242
2023-01-25,82397.01748246686,90373.46767787605
2023-01-26,84310.58752588909,92311.67018276932
2023-01-27,85246.44199771281,93311.39646961489
2023-01-30,83356.99124546304,91303.49123555997
2023-01-31,84736.08055669718,92648.77123733875
2023-02-01,85976.66890895381,93866.91801222607
2023-02-02,90468.48586678469,98293.11655807024
2023-02-03,89663.50032302928,98255.68454021153
2023-02-06,88408.59890325095,96842.01562294627
2023-02-07,91571.57660810939,99886.88878314424
2023-02-08,88592.91752208206,97377.43722964147
2023-02-09,86748.76963836538,95845.78606302713
2023-02-10,86628.8459559582,95818.00671067616
2023-02-13,88086.3046627559,97625.21032898127
2023-02-14,88075.97019972529,97525.18622210079
2023-02-15,88950.27744937019,98434.877677539
2023-02-16,87414.29656216536,96844.97764824172
2023-02-17,86385.91171067057,95791.02892538458
2023-02-21,84234.91970313594,93393.14113624918
2023-02-22,84144.50062903369,93371.25549684782
2023-02-23,84367.76418048659,93733.101287408
2023-02-24,82704.20946556675,91913.67181315181
2023-02-27,83264.43553580178,92549.32069891652
2023-02-28,83145.31624142942,92346.77245329675
2023-03-01,82492.78984598056,91400.63153057639
2023-03-02,83645.8219317147,92460.01091025662
2023-03-03,85588.37348178939,94875.59218360296
2023-03-06,86744.7326381636,96231.09907853467
2023-03-07,85633.374407821,94970.95976255243
2023-03-08,85940.55459851817,95397.2234655973
2023-03-09,84770.86504317904,94139.45135074167
2023-03-10,83443.70927763211,92724.03135016214
2023-03-13,84556.38284762189,94033.71428305523
2023-03-14,86600.83042015645,96049.74695835705
2023-03-15,87848.60679312224,97126.8945697744
2023-03-16,90865.75139100179,100066.80432059724
2023-03-17,91447.25730006132,100404.32882991969
2023-03-20,91013.82001044202,100326.47493170957
2023-03-21,92657.89236440127,101830.47028485835
2023-03-22,91752.3448247428,100899.83234964882
2023-03-23,93228.46382258697,102283.76113513041
2023-03-24,93765.18401759077,102999.13197231687
2023-03-27,92030.84246925543,101322.36880718288
2023-03-28,91352.94390460478,100711.41177956546
2023-03-29,92648.27432869238,102359.38267130866
2023-03-30,93191.13404519265,103152.11050142297
2023-03-31,95016.30896142664,105002.72433299717
2023-04-03,95335.05409801874,105417.71788308262
2023-04-04,95335.87357366139,105313.65171214154
2023-04-05,94586.95473350796,104356.42080263192
2023-04-06,96757.36054361491,106231.67512099278
2023-04-10,95408.77170134452,104753.74963909616
2023-04-11,94120.75335991321,103429.22594786038
2023-04-12,93845.94776478702,103137.09302663397
2023-04-13,96447.53929649515,106138.81504202512
2023-04-14,96400.1034978144,105904.68760515364
2023-04-17,95846.76082557504,105642.24060087952
2023-04-18,95595.76988161773,105698.37142035051
2023-04-19,95729.07818567246,106010.70506098024
2023-04-20,95623.6469949952,105668.72034552405
2023-04-21,95309.22128988696,105137.25887558049
2023-04-24,95094.08774505112,104907.31743231982
2023-04-25,93446.50789828981,103283.37650906503
2023-04-26,95658.86951314243,105496.76686478914
2023-04-27,98778.46494099709,108797.58611549059
2023-04-28,99212.73359546706,109417.44108042418
2023-05-01,98969.0772424617,109178.25813626536
2023-05-02,98170.08243381252,108441.25956670762
2023-05-03,97878.20430758438,108001.55510679302
2023-05-04,97440.16406347707,107426.17933266982
2023-05-05,99794.6461158891,110680.32034964324
2023-05-08,100260.27460266619,110905.51696622571
2023-05-09,99618.14196070703,110088.28889898822
2023-05-10,101899.54562875889,112135.5720070057
2023-05-11,103162.50262558463,112927.30378038708
2023-05-12,103127.09470980431,112679.00161957336
2023-05-15,102789.47675464848,112377.59176628749
2023-05-16,103924.14476898595,113204.6902544776
2023-05-17,104761.90961070388,113981.61238116457
2023-05-18,106316.87943862412,115628.07621529071
2023-05-19,106298.93680208795,115631.63511459906
2023-05-22,107081.80618556563,116055.62402736228
2023-05-23,105172.22352503763,114072.30135613267
2023-05-24,104597.81942432906,113703.33073497539
2023-05-25,106916.05971467137,115880.92125732743
2023-05-26,108507.02929362298,117653.70087809683
2023-05-30,108437.20390091847,117925.1424770479
2023-05-31,107885.42152100772,117454.71498124395
2023-06-01,109169.24927759882,119007.78161363772
2023-06-02,109931.00574856551,119777.42770818317
2023-06-05,110106.42858552765,119639.33927968921
2023-06-06,110162.54279325274,119521.48528743614
2023-06-07,107356.84777120814,117048.0010641233
2023-06-08,108013.15972583482,118088.4327571506
2023-06-09,108286.81217566968,118400.00149714181
2023-06-12,109826.5901305854,120148.9698775503
2023-06-13,110056.41495104023,120294.0308749855
2023-06-14,110471.81223065912,120802.20581943821
2023-06-15,112481.56800117857,122911.986941331
2023-06-16,111172.78028982294,121634.08379988052
2023-06-20,110598.50335686118,121122.77848926542
2023-06-21,109135.9420803509,119794.64113799349
2023-06-22,111192.4457668826,121963.81134619424
2023-06-23,110373.52940319032,121193.8680879332
2023-06-26,108187.70685405748,119246.95209129986
2023-06-27,109382.90875796558,120792.74810783536
2023-06-28,110323.16467472485,121691.26976694576
2023-06-29,109971.1573998338,121494.90081408077
2023-06-30,111603.33588057621,123617.95280693169
2023-07-03,111097.33894981901,122900.41178525514
2023-07-05,111468.82730892052,122936.32078341614
2023-07-06,111404.36947137715,123099.62374670985
2023-07-07,110550.13527493275,122169.62909991793
2023-07-10,108626.5739529007,120301.03531817335
2023-07-11,108809.20737803899,120344.17686462347
2023-07-12,110205.34514830213,121766.27995303468
2023-07-13,112682.04530331146,123753.57636651126
2023-07-14,113259.82133333216,124256.71066026174
2023-07-17,113734.97323652475,125232.22230168307
2023-07-18,114922.33716016241,126464.71758609815
2023-07-19,114187.82105721302,126092.90607036366
2023-07-20,112040.71381933332,123996.81833274326
2023-07-21,111733.74816198408,123452.96901199226
2023-07-24,112504.67498978786,124168.44915568277
2023-07-25,113521.6433449277,125221.22618881887
2023-07-26,114455.42920078442,125538.67159546632
2023-07-27,113446.40509102288,124364.75884223449
2023-07-28,115761.2511613352,126678.9794719615
2023-07-31,115644.78357195476,126631.11130814106
2023-08-01,115188.31965319219,126184.60794380923
2023-08-02,112659.15528292401,123604.2071760706
2023-08-03,112308.37041942081,123070.0972497624
2023-08-04,110539.94537032682,120176.61326296633
2023-08-07,111149.77502657555,120037.78375684109
2023-08-08,110854.27667325175,119889.95544241507
2023-08-09,109601.16678824852,118614.27875329036
2023-08-10,109643.87811135715,118623.84614551697
2023-08-11,109402.28451746007,118408.50754314933
2023-08-14,110587.24936008544,119623.45054784819
2023-08-15,109491.32986904633,118429.74843872395
2023-08-16,108917.97233909264,117852.69682409463
2023-08-17,108334.8308047342,116830.02399671792
2023-08-18,107707.17250687808,116507.84838938377
2023-08-21,108853.85344372556,117721.28555745198
2023-08-22,109406.7462345366,118380.43174972653
2023-08-23,111650.18282216555,120783.0658950262
2023-08-24,109147.90506812619,117950.93865291348
2023-08-25,109978.18723324104,119047.63046905026
2023-08-28,110703.15190906107,119860.9479777395
2023-08-29,113047.63745195724,122342.66951809933
2023-08-30,114180.5280742234,123796.1283650304
2023-08-31,114187.15246147133,123805.20047071253
2023-09-01,114471.25058126026,124338.3583928291
2023-09-05,115118.24308434644,124992.2556202396
2023-09-06,113297.42743386776,122438.78739421403
2023-09-07,112080.53948486352,120466.12344016723
2023-09-08,113014.08852109026,121353.55374105516
2023-09-11,113826.33360895263,122251.20398440573
2023-09-12,112048.44075695625,120256.60382467887
2023-09-13,112466.70771678511,120253.76399484083
2023-09-14,113471.62435525343,121309.77190300048
2023-09-15,112175.78910437088,120023.66475308777
2023-09-18,112897.29597729266,121053.69191219828
2023-09-19,113036.70974565824,121352.76365096103
2023-09-20,110206.30329881543,118510.78502695686
2023-09-21,108831.30090315222,117261.7611637551
2023-09-22,108671.72096659169,117240.0485419721
2023-09-25,109238.80116048866,117886.308955563
2023-09-26,107062.1511273059,115448.95748867023
2023-09-27,107365.74327565091,115361.25647718197
2023-09-28,108002.86660567317,115856.15296061688
2023-09-29,107960.1932974407,116012.51365769956
2023-10-02,110093.87254876818,118126.83039068677
2023-10-03,108373.73072522378,116435.37121359851
2023-10-04,110046.33024311099,117975.82211530322
2023-10-05,110310.24927540022,118415.13670639391
2023-10-06,112445.5075492165,120607.34694167507
2023-10-09,113284.32331144801,121547.29604592256
2023-10-10,112895.80496298989,121122.24691961441
2023-10-11,114333.79942735548,122483.76491825757
2023-10-12,113953.79515306868,122379.05801698907
2023-10-13,112729.33992789348,121085.42348737098
2023-10-16,113740.98702484225,121892.41141003954
2023-10-17,113510.80746752302,121401.91449715044
2023-10-18,112532.1920515644,120433.30544857259
2023-10-19,112531.54341215103,120398.96529632162
2023-10-20,110868.06159908159,118631.00439344562
2023-10-23,111438.78114895138,119118.34943079432
2023-10-24,112298.37389549163,119804.30269470792
2023-10-25,109382.08038643989,117820.20772218044
2023-10-26,106150.55056139601,114420.00811043775
2023-10-27,106607.88922798791,115056.34151389363
2023-10-30,108519.37186896635,116980.50050780985
2023-10-31,108596.68589484377,117157.17476143413
2023-11-01,110818.63489016972,119529.86225098316
2023-11-02,112127.01578869845,121196.35348426495
2023-11-03,112886.08160788225,121656.12691441928
2023-11-06,114168.67612337066,123147.1394286699
2023-11-07,115355.94592119718,124587.549450615
2023-11-08,116122.42145468725,125396.45991144374
2023-11-09,115283.59053667006,124667.58263797499
2023-11-10,117825.98613983786,127496.00094173245
2023-11-13,117023.07635573215,126543.27885851581
2023-11-14,118414.06790609968,128111.99529747962
2023-11-15,118845.52129205572,128514.14468513783
2023-11-16,120580.06181476986,130214.1195294059
2023-11-17,119425.00995308015,129242.82265630447
2023-11-20,120887.85688261561,130817.66007234475
2023-11-21,120463.7609893717,130224.80266180374
2023-11-22,121564.98277846348,131243.22596932467
2023-11-24,120709.4420025271,130398.66334650901
2023-11-27,120714.68511230682,130405.76091366386
2023-11-28,121511.73079761873,131188.9943681386
2023-11-29,120232.71429739452,130015.58764940994
2023-11-30,119631.45429976628,129747.00082026461
2023-12-01,119237.60606039781,129604.38709555479
2023-12-04,117510.83961786072,127924.42015564894
2023-12-05,119215.72711743871,129963.48403993415
2023-12-06,118298.63168849266,129012.1034595465
2023-12-07,121024.01670228472,131263.06403181245
2023-12-08,121108.2025737108,131725.80790109202
2023-12-11,119761.87228604435,130233.19550551737
2023-12-12,120178.58530591901,130922.55725054833
2023-12-13,120861.28153289529,132024.0299923557
2023-12-14,119792.09621336318,131055.63930278656
2023-12-15,120406.78580403395,131523.87283487455
2023-12-18,121241.94796483008,131803.8361420834
2023-12-19,121777.67782608516,132386.79585906296
2023-12-20,121557.68508431717,131724.15009084894
2023-12-21,122454.94913676148,132380.88702836566
2023-12-22,122653.19172032688,132326.01759023583
2023-12-26,122554.4502007243,132152.15422202292
2023-12-27,122179.30706924877,131909.16063152853
2023-12-28,122361.1024130326,132157.6936261282
2023-12-29,122065.40373573375,131777.7805420283
